action_id,midpoint_x,midpoint_z,angle,angle_deg,target_gap,gripper_rate,actual_gap_f29,offset_along_axis,offset_perp_axis,compression_RMS,residual_RMS,normalized_residual,max_disp_f29,max_disp_f39,min_finger_clearance,finger_pin_distance,both_fingers_contact,first_contact_frame,height_ratio_f39,quality_class
0,0.44177791283858847,0.42392157900352234,0.7235416283902198,41.45588160878258,0.051563498387078674,0.01097394169354869,0.05156349838706145,0.006731738615825843,0.09556370268023573,0.013729889913498355,0.013024001242972363,0.9485874486268089,0.06425161760345649,0.0564272950340353,-0.013059769196532567,0.04504271000356088,True,"[23, 23]",1.1034710007946453,TOO_WEAK
1,0.583586162094864,0.5949710696728602,1.921439087581194,110.09035030987016,0.1742799485115088,0.008928667524808188,0.17427994851151538,-0.11790425563248648,0.04587741353112038,0.0456426874339114,0.03613262390977105,0.7916410260042093,0.13842767293695687,0.12417498405190872,-0.025486051434754235,-0.02196467178184068,False,"[None, 13]",1.130180528201299,PIN_COLLISION
2,0.49951275143767315,0.41364658459962755,1.8172705801206939,104.12193447420648,0.1072061460563656,0.010046564232393907,0.10720614605638057,0.08386258328763384,0.020596526085615706,0.0499266112183853,0.04085759126888656,0.8183529839461825,0.15276939406699047,0.13783444676483866,-0.04374273643967717,-0.044672170946034526,True,"[14, 28]",1.167514808500614,PIN_COLLISION
3,0.5857199874476047,0.5340780592795114,0.18541291512874916,10.623377504094657,0.06275299773999428,0.010787450037666763,0.06275299773996337,0.07796839350555482,0.04929665289285217,0.052142690163102655,0.04695098246186177,0.900432684140362,0.1730111892619101,0.1620281688044705,-0.025167624134521137,-0.020677650958547455,True,"[13, 26]",1.1814193865664528,PIN_COLLISION
4,0.48322415658904844,0.5787058847999944,1.4273566037571563,81.78150925541205,0.08788886654852061,0.010368518890857992,0.08788886654850137,-0.08029566628752607,0.005352681546758269,0.04179330199109035,0.023435708172423058,0.560752729645989,0.14866646727363061,0.12033590050385871,-0.04430072222335447,-0.05982884617498182,True,"[27, 14]",1.1668405037615057,PIN_COLLISION
5,0.4518862428338463,0.49333072583684534,2.915289632750471,167.03379201484574,0.19160873525664057,0.008639854412389325,0.1916087352566712,0.04838340727455827,0.004296364394595619,0.020853762638497877,0.018638441168797888,0.8937687405336477,0.07366909227998465,0.06453626880442107,-0.014431004017961303,0.02252076880208282,False,"[21, None]",1.1130453148198303,INVALID_GEOMETRY
6,0.548202816221089,0.4608516327799014,2.382298888148996,136.49567182964606,0.11552050645147519,0.009907991559142081,0.11552050645149897,-0.00801247812604276,0.06157845680043842,0.01496269858006685,0.01239994170749072,0.8287236183458104,0.06901803990435333,0.05831140876180224,-0.012525935166011241,0.04300020897444299,True,"[23, 21]",1.1052868976561185,TOO_WEAK
7,0.4004496229659703,0.41841511610126747,0.9725865998363624,55.72510738160265,0.18378405461146485,0.008770265756475586,0.18378405461148464,0.011354085750113478,0.12820864083659184,0.00010858483707113802,5.00242644523617e-05,0.46069290889656095,0.0013025976190396598,0.0003944419396348932,0.007657092334271476,0.10943586696976068,False,"[None, None]",1.0000198915286789,TOO_WEAK
8,0.5146371000264363,0.5812266379635554,1.6940316348936204,97.06086304105125,0.057397520105183376,0.010876707998246945,0.05739752010520016,-0.08240987135881556,0.00454142209774397,0.04763966420829348,0.027340422121771145,0.5739003953141113,0.16531612277856528,0.13375788148473564,-0.04446109643958282,-0.06496866581289204,True,"[26, 13]",1.1645073681789884,PIN_COLLISION
9,0.4265124034194596,0.5025409047355989,0.8283682014763043,47.46200182743489,0.17618559625446917,0.008896906729092182,0.17618559625448163,-0.051555634629727676,0.05242994932274552,0.02130723075635507,0.018150870944151604,0.8518643812377142,0.08393285785179772,0.07296576493434505,-0.014974236874372385,0.02693920062186394,True,"[29, 19]",1.1107352373459236,GOOD
10,0.4896460672939919,0.4990561203537539,2.1246730469921387,121.73479843785037,0.19018996774700625,0.008663500537549896,0.1901899677470261,0.006248809286740294,0.00830946531162445,0.012675383246250222,0.008613273434633579,0.67952765350757,0.048830362474003616,0.04085825527378726,-0.011495612119337181,0.06410386148535377,True,"[23, 24]",1.08837855436429,TOO_WEAK
11,0.4164528198101009,0.47965341944612416,2.2495083019397866,128.88733168079023,0.07363307409994861,0.010606115431667526,0.07363307409996109,0.0682875768161433,0.05225821954963788,0.042725423364402874,0.03675142202495572,0.8601768954166886,0.14400396836158447,0.13341275352473178,-0.022403978829583674,-0.016018945216780614,True,"[15, 24]",1.1516096086697907,PIN_COLLISION
12,0.5460932166119007,0.4436625417404029,2.26487795714524,129.767948056634,0.13109086650179483,0.009648485558303421,0.13109086650180993,0.013818407613920107,0.07146709334931005,0.01215017701115604,0.0096944381924092,0.7978845232878474,0.06364483716097724,0.04815049924255347,-0.012952887897389846,0.05026496963113423,True,"[22, 26]",1.1053729602270925,TOO_WEAK
13,0.5880808622934246,0.4050110747118098,0.3926092178991316,22.49485118355234,0.16756251000306793,0.0090406248332822,0.1675625100030855,0.11772193611990511,0.054061816339627214,0.04689270072188457,0.03698502077817448,0.7887159453137185,0.14018081113393036,0.12399191120151125,-0.022087923108823623,-0.01481858537455922,False,"[13, None]",1.1458184146664865,PIN_COLLISION
14,0.5942682232735416,0.4081559433641322,0.4769181352697413,27.325396324205467,0.09249803345914166,0.010291699442347639,0.09249803345916094,0.12590960207032612,0.03832232723850301,0.07027195714590828,0.058368985407112495,0.8306156221879347,0.19258926354541597,0.17033292338259462,-0.035047076152497615,-0.031491161054826966,True,"[10, 27]",1.159717415203006,PIN_COLLISION
15,0.5107114948342693,0.44408430141777555,1.2761507624256423,73.1180527093915,0.14881502386059386,0.00935308293565677,0.14881502386058074,0.05661664453854134,0.0059880740408925996,0.030992830574595405,0.026163744631391154,0.8441869989389541,0.10594865713962043,0.09207008159131727,-0.01839786432085717,-0.00692425142317981,True,"[18, 29]",1.1290151259559316,PIN_COLLISION
16,0.530153585519509,0.543246349610987,1.3608139125849505,77.9688938938022,0.1298322523568406,0.009669462460719324,0.12983225235685064,-0.03601113060870215,0.03850563525824561,0.027341856763541672,0.024515368425085688,0.8966241260460082,0.09940417358679365,0.09248023332030164,-0.016692848686918615,0.0133344605598592,True,"[27, 19]",1.144358123770892,GOOD
17,0.5047650107203396,0.5542975789930312,1.6989536041520499,97.34287110645239,0.12740499321527565,0.009709916779745408,0.12740499321530474,-0.05446128996095859,0.0022136638086686076,0.030771246152831087,0.02725605989445174,0.8857639290615491,0.10544903925609724,0.09412349382913403,-0.019845719733253716,-0.015713640700953255,True,"[27, 18]",1.144088069669597,PIN_COLLISION
18,0.4798402836681047,0.5074160362853674,2.5164603038964968,144.18255472547781,0.13501598025014067,0.00958306699583099,0.13501598025015404,0.0120073266476494,0.017811116291378798,0.025288805855213044,0.022874428128976797,0.9045278080721021,0.10277632862820173,0.09718167610104042,-0.018623066613166074,0.03206673906297102,True,"[18, 22]",1.1704746475961942,GOOD
19,0.4372720127914491,0.5084508679668914,0.7933534186266256,45.455802549581236,0.067392374526099,0.010710127091231684,0.06739237452610597,-0.05002414131195391,0.038778896769140064,0.03943683233197971,0.03557094345568621,0.9019726319865043,0.14583438156780257,0.13787009730593253,-0.022952248278185938,-0.021772528019261918,True,"[22, 14]",1.1682758638888493,PIN_COLLISION
20,0.561254885888009,0.5634512369396749,0.05008496106752224,2.8696568862460667,0.08038741382442298,0.010493543102926283,0.08038741382444253,0.05800144865707949,0.0664383358311144,0.03620509841931861,0.03336157690402936,0.9214607433915445,0.13732617918386994,0.12786107093780522,-0.02126033209452747,0.0017876826274405358,True,"[16, 25]",1.1832517624995416,GOOD
21,0.4590674366269526,0.5755304828796077,0.5150504540156614,29.51021725139428,0.1657209235384956,0.009071317941025074,0.1657209235384736,-0.0728270062352064,0.045569241283265484,0.028674079579523247,0.024163110376421795,0.8426812902366767,0.10257674782495493,0.09073713848238785,-0.01815269054216504,0.0014509410655262692,True,"[27, 17]",1.1314622217008454,GOOD
22,0.5585549998640884,0.5704373370299705,3.0848080947935177,176.74648443946094,0.12098357438304486,0.009816940426949253,0.12098357438306484,-0.06245822426437557,0.067000572226646,0.031607379607970505,0.0283035099466353,0.895471573337827,0.11468811569097895,0.1020268787561319,-0.018480815032259713,0.009630171523739357,True,"[26, 17]",1.1444724181017274,GOOD
23,0.41452781889871804,0.46729554195600803,0.930132134858221,53.29264571686918,0.143981504623798,0.009433641589603367,0.14398150462380985,-0.024869991603390196,0.08807132811425562,0.00936694839007674,0.006767231839815311,0.7224585380425983,0.04441329349813628,0.031123717834103566,-0.010426075557080403,0.057447218052497785,True,"[27, 24]",1.071245115521984,TOO_WEAK
24,0.5428881893317062,0.5474690935502894,2.6322115382870632,150.81461192948683,0.15548453698084103,0.00924192438365265,0.15548453698084166,-0.060591069693680215,0.020528855302086202,0.02903360913943377,0.026305532399476785,0.9060372850355803,0.10724461615881543,0.09616251632587308,-0.01801389850762364,-0.004546158157941078,True,"[27, 17]",1.1473273253477787,PIN_COLLISION
25,0.5961068094003451,0.5586032297736889,0.32764777338601625,18.77283458187755,0.08469112917280122,0.010421814513786647,0.08469112917282101,0.07213460886351826,0.08641444067474648,0.04385457231680026,0.03421349117653637,0.7801579030205138,0.176202096389285,0.15446710246067025,-0.023837006380768147,0.01774296969631558,True,"[12, 26]",1.227918277878793,GOOD
26,0.40777921811922735,0.4575172784970103,1.9636697386357076,112.5099883813835,0.16236953014988564,0.009127174497501908,0.16236953014989955,0.07455230001781121,0.0689304635053029,0.028686485786546274,0.020545139042781716,0.7161957444232231,0.09466738892107357,0.0799536507821962,-0.016158429979754932,0.01612386572220629,True,"[19, 28]",1.101685206333206,GOOD
27,0.4546289756530829,0.47240439587141864,2.1601958503826895,123.77010514860194,0.1374011635665156,0.009543313940558074,0.13740116356649906,0.048159551713557056,0.02237643394866893,0.027116212201667975,0.02461132312056787,0.9076239313046081,0.10723531953164568,0.09646954576741827,-0.018738088500593737,-0.0007444484618370564,True,"[17, 24]",1.160312365304009,PIN_COLLISION
28,0.47064978488645703,0.5153222101290528,1.531642895146128,87.75667361307163,0.15011517185832327,0.00933141380236128,0.15011517185834797,-0.01645933527730675,0.02872795733565648,0.012868704896641079,0.01051415704438502,0.8170330370330715,0.058105480892343596,0.04660474700380115,-0.012538259951280863,0.03750764191815908,True,"[26, 23]",1.097227910239529,TOO_WEAK
29,0.47415808663578973,0.5968602311185524,2.4031556198372606,137.69067452982037,0.17098955684984726,0.00898350738583588,0.17098955684982928,-0.04608915530375235,0.0890252695702143,0.01285506971699706,0.008437680152911107,0.6563698477461192,0.051529116471810556,0.035688034988744524,-0.010773101029055564,0.052677658261482775,False,"[None, 23]",1.0865887920870094,INVALID_GEOMETRY
30,0.46582970279255287,0.5283261258412103,0.29862296728181414,17.10983569092122,0.15373716372328777,0.009271047271278537,0.15373716372331223,-0.04099167688728196,0.017019431317938476,0.021192638903506634,0.01934299548973009,0.9127223644871101,0.08247778965118084,0.07434435053635301,-0.0158384511726004,0.012648259513568176,True,"[27, 20]",1.1257836821247111,GOOD
31,0.577198775491562,0.448310186289404,1.8700758124877312,107.14745142504533,0.11039323696487396,0.009993446050585435,0.11039323696490538,0.0266315048096567,0.08900702629796109,0.021647605845578708,0.019335994031083017,0.8932162830852811,0.11584655538249651,0.10504282799491516,-0.02062591862606402,0.04547327257899048,True,"[17, 26]",1.1827697921467004,GOOD
32,0.5685328265693987,0.42852273698322907,0.5705925392384773,32.69254432001757,0.09771917709620079,0.010204680381729987,0.09771917709621944,0.09628300201182913,0.023137220436993795,0.04974547820056195,0.038564374135393695,0.7752337605422406,0.17111214672264477,0.14993585323553818,-0.04463753038439529,-0.046736210489968684,True,"[11, 25]",1.1542868198889285,PIN_COLLISION
33,0.43307697719869354,0.4372256423168274,1.4974586303763824,85.79805951600744,0.06085977037913541,0.01081900382701441,0.0608597703791304,0.05770203798874373,0.07134273456592934,0.04006654096302915,0.03524537767181437,0.8796710877621444,0.14771982180772839,0.13630076202567912,-0.02120350571398592,0.0035123278213874884,True,"[15, 24]",1.1672576802390633,GOOD
34,0.42874857354616286,0.5857392536495064,2.7573081685175036,157.98212087299973,0.1051261220510584,0.010081231299149028,0.10512612205106298,0.03391154512917338,0.10619789308189216,0.01508737502635979,0.011154125579871442,0.7393019369097407,0.08617566072275162,0.06811914971505208,-0.013937386430337241,0.05381239021573985,True,"[18, 28]",1.1171616539327889,TOO_WEAK
35,0.5348435262127862,0.4683872308353459,2.0563184618049806,117.81836919625876,0.11832942057219575,0.009861176323796739,0.11832942057219614,0.011698889951154888,0.04556944664037069,0.024490849090059108,0.022409946094544622,0.9150334482948111,0.10751717519263529,0.09747539444075866,-0.019748514348292598,0.033084928080298136,True,"[18, 24]",1.164902538087444,GOOD
36,0.5233030671268085,0.4266968039617408,1.0286034776421533,58.93463806137452,0.07419263600049832,0.010596789399991695,0.0741926360005215,0.07481473852391045,0.017864668665802656,0.05247953494653311,0.043072101425116124,0.8207409129863401,0.17900716478080136,0.16107437344049316,-0.044359333769842524,-0.05070834931352576,True,"[11, 25]",1.1782344343717241,PIN_COLLISION
37,0.46207510493624115,0.43502983962552877,1.1429640732544744,65.48701753256283,0.08979871167983883,0.010336688138669354,0.08979871167983794,0.04337920646843008,0.061462702925033696,0.037541130593399065,0.03348892872429467,0.8920596741479889,0.15245375765092706,0.14139023885825688,-0.02376174407510611,0.007082995196071008,True,"[14, 26]",1.213120032498001,GOOD
38,0.5181444801695175,0.5909933262515916,2.506776475533221,143.62771223073304,0.0683772245526025,0.010693712924123293,0.06837722455257508,-0.06857131373054948,0.06250585985503411,0.042667798386226516,0.03666404882357387,0.8592908518900592,0.1398461406004846,0.129106971491301,-0.020524293668677116,-0.006598820636938861,True,"[25, 16]",1.162920644328204,PIN_COLLISION
39,0.552737080851466,0.4871981478855526,1.2343016962835278,70.72027784288451,0.10016291837542994,0.010163951360409504,0.10016291837545965,0.029496644569006494,0.04555255287537618,0.02281199664853779,0.021708330329155215,0.9516190390351772,0.08975910052547131,0.08260588362596723,-0.01597385567526282,0.00985238244433357,True,"[20, 23]",1.1341207019486081,GOOD
40,0.49598708466012525,0.5197567198347636,3.0060659215100367,172.23489024062968,0.18733134742715957,0.00871114420954734,0.18733134742717525,0.0013067436023980203,0.02011775060268752,0.0062852567123362155,0.003704253682672919,0.5893559884996418,0.030603483482258585,0.020404583024335062,-0.008368805027634173,0.06882434790268385,True,"[26, 27]",1.0596112956554433,TOO_WEAK
41,0.5015800768608257,0.5505649164424393,3.027518008952138,173.46400431280767,0.05527848339584242,0.01091202527673596,0.05527848339585578,-0.007325479993222349,0.05005641577845827,0.027361663456920284,0.027227537719027795,0.995098041531588,0.09237080706069825,0.08837005820710522,-0.01656450561043545,0.012289320258503829,True,"[21, 21]",1.1486319377880094,GOOD
42,0.42303076265807354,0.4548851808545389,1.0960890491697912,62.801276487936406,0.1411345409863725,0.009481090983560458,0.14113454098635278,0.004945364585367401,0.08907948008740994,0.008690122461007786,0.006087473756607314,0.700504945001817,0.05664414501030675,0.042898621810975146,-0.01162942765245803,0.07202943300357692,True,"[21, 27]",1.1053472386304153,TOO_WEAK
43,0.5736790837294798,0.564133356940445,1.6238465242948248,93.03955241908136,0.19562710963266433,0.008572881506122261,0.19562710963267924,-0.06794998891337958,0.07017473803540569,0.02570284738427698,0.01916848557520931,0.7457728433206631,0.08452234660569005,0.06984312849766154,-0.015140685802316391,0.03261114636355903,False,"[None, 20]",1.1113018649493087,INVALID_GEOMETRY
44,0.4095500745560069,0.4021921150730642,2.87277538041154,164.5979047866708,0.1801443826081952,0.008830926956530082,0.180144382608204,0.11317840943983165,0.07027246262494617,0.042701310000205765,0.02894535536392518,0.6778563787337134,0.12605790662697477,0.10499713496623231,-0.020917736079905623,0.0036040534732580745,False,"[14, None]",1.1229644950985607,INVALID_GEOMETRY
45,0.527322562693648,0.5396778533852216,0.6526616198978494,37.394756270318325,0.15841344846304983,0.009193109192282504,0.1584134484630322,-0.0023895226654429974,0.048115950191581956,0.013197807745334824,0.010558587400493454,0.8000258530986493,0.06641801143054539,0.05412097561458565,-0.012895604596850949,0.060975475796914626,True,"[21, 24]",1.123181242746321,TOO_WEAK
46,0.5390414931839607,0.4919717954349944,2.7738999047784034,158.93275733554344,0.1031380270281844,0.010114366216196928,0.10313802702815367,-0.0335460832108498,0.021525579197354122,0.03109289466357725,0.02828210019909622,0.9096001033389264,0.11597932090525587,0.10847324868226549,-0.018416753943673703,-0.003402400164948534,True,"[25, 17]",1.1642587600890681,PIN_COLLISION
47,0.48730129360120017,0.5276822877799854,2.646690111909105,151.64417309139927,0.19727542973945483,0.00854540950434242,0.19727542973945258,-0.0019725366422520436,0.03039202691713438,0.010326266091724986,0.006604572289849347,0.6395895894201254,0.05161575128785582,0.041550670988260534,-0.011309497854346033,0.07488857105498489,True,"[23, 26]",1.0950889342020724,TOO_WEAK
48,0.5679514863273861,0.5204670259404064,0.1996047057930599,11.436507212892826,0.12372485880148706,0.00977125235330855,0.12372485880151496,0.06254407107976317,0.0335342036988467,0.03788124831156857,0.03203327120957,0.8456234321028789,0.12589143811191242,0.11462895411819031,-0.021490920318752844,-0.014424288560693964,True,"[16, 28]",1.1515713641720775,PIN_COLLISION
49,0.44578509214515855,0.4830015687653113,0.07480491808983218,4.286006093369208,0.07974328328467976,0.010504278611922007,0.07974328328465555,-0.05279291065376033,0.021002654185922984,0.034533235771669446,0.03173152338584015,0.918869103250157,0.13102982747581116,0.12175938836164743,-0.03463264942960208,-0.031657380570832075,True,"[25, 16]",1.1529272934281074,PIN_COLLISION
