sigma_y,sequence_id,grip_index,midpoint_x,midpoint_z,angle_deg,target_gap,gripper_rate,actual_gap_f29,compression_RMS,residual_RMS,normalized_residual,recovery_ratio,max_disp_f29,max_step_disp,min_finger_clearance,finger_pin_distance,analytic_pin_distance,both_fingers_contact,one_finger_contact,first_contact_frame,max_contact_particles,width_margin,height_ratio_f39,height_ratio_vs_episode_initial,quality_class
500.0,0,0,0.49506391044688197,0.4724993045209153,171.42921255228464,0.07067678262361633,0.01065538695627306,0.07067678262362778,0.02651304648180396,0.025657389960192494,0.9677269633197865,0.03227303668021353,0.0868038717703662,0.019227625091201104,-0.015647231865428154,0.0061060105457013195,0.006106010545688635,True,False,"[21, 22]","[739, 679]",0.17667143644755717,1.139708827832698,1.139708827832698,GOOD
500.0,0,1,0.4750180785761658,0.5282152066390036,142.66491845628934,0.08051210913850157,0.010491464847691642,0.08051210913848106,0.029819277832059114,0.027563229516790848,0.92434262399062,0.07565737600938005,0.12811403684550043,0.015227844005084316,-0.01873014161149934,0.020662283489202966,0.020662283489202522,True,False,"[16, 23]","[775, 356]",0.14862505993624897,1.0320547142151897,1.1762418685974039,GOOD
500.0,0,2,0.48333649642413257,0.49176816928465616,44.621815916433725,0.10210033765555031,0.010131661039074162,0.10210033765551879,0.04541090181065438,0.04167476712969599,0.9177260408406641,0.08227395915933589,0.1332895806523287,0.012360531072640945,-0.018162729655206322,0.02167035748763433,0.0216703574876373,True,False,"[16, 15]","[849, 804]",0.2341816306493038,1.071442497445788,1.2602755252903028,GOOD
500.0,0,3,0.5152109450185506,0.49732576506814036,112.98344250218018,0.1070508584078984,0.010049152359868361,0.10705085840791007,0.030276804662208466,0.026474865504210337,0.8744273314038415,0.12557266859615845,0.12161749378962927,0.017534995860951145,-0.011777168158303555,0.026231808097229505,0.0262318080972229,True,False,"[21, 17]","[513, 728]",0.19672984099327384,1.064961726402304,1.3421451991557314,GOOD
500.0,0,4,0.49568638353316335,0.507668014955491,155.57025490603073,0.1289690606551085,0.009683848989081527,0.1289690606551211,0.018025912816625144,0.01522056275102319,0.8443712618528475,0.1556287381471525,0.08451967308505778,0.01516301122558276,-0.011899483610949002,0.03908118960317867,0.03908118960317775,True,False,"[23, 17]","[483, 567]",0.17022804866069707,1.006981497895553,1.3515153830391635,GOOD
500.0,1,0,0.5105284057222663,0.5238459453050804,151.3930816491546,0.12635406665808527,0.009727432222365247,0.1263540666581197,0.022398549591464846,0.020175171066162574,0.9007356027128869,0.09926439728711312,0.08463733962157477,0.01352621124727377,-0.015244696707581325,0.018948047146102952,0.018948047146106838,True,False,"[22, 20]","[512, 730]",0.1636271000564304,1.136319405418948,1.136319405418948,GOOD
500.0,1,1,0.5001237047829932,0.4949687208449459,125.84171546405081,0.07903171810914861,0.01051613803151419,0.07903171810916465,0.03850289032220898,0.034527131987319444,0.8967413017147893,0.10325869828521073,0.116604431085518,0.012395089471213388,-0.01643521419389968,0.01056736266723534,0.010567362667217271,True,False,"[18, 19]","[732, 718]",0.21917963293740955,1.0900708254556155,1.2386686322462668,GOOD
500.0,1,2,0.5109291032655832,0.4890380438272712,112.35155622083498,0.08677427776938813,0.010387095370510198,0.08677427776939639,0.01965355677838935,0.02011687084513302,1.0235740569489755,-0.02357405694897552,0.06188024088429097,0.012031208984597096,-0.00974362446199404,0.013632565910701631,0.013632565910697649,True,False,"[23, 23]","[382, 308]",0.12256670988857525,1.0127458856067824,1.2544565609375873,GOOD
500.0,1,3,0.5099742891256476,0.4890589095200625,55.90525648893087,0.09978669658510389,0.010170221723581603,0.09978669658509318,0.03656189527133727,0.033928026210787464,0.927961364119583,0.07203863588041703,0.10893004211205976,0.012646251146872258,-0.012559056476635258,0.010269861426287254,0.010269861426314954,True,False,"[18, 21]","[754, 568]",0.17515239016100367,1.0727700379961826,1.345743412541576,GOOD
500.0,1,4,0.5012677713571877,0.5221143669579419,118.71308513616324,0.118424692227762,0.009859588462870635,0.11842469222774549,0.023039387152436523,0.02349051882922344,1.0195808887537707,-0.01958088875377073,0.08927024818476935,0.015743705963116503,-0.01071203846651849,0.014743741827368033,0.01474374182736151,True,False,"[25, 20]","[179, 532]",0.12667929267761438,1.0073916302389962,1.3556906502436483,GOOD
500.0,2,0,0.47345081548875434,0.5076199204167405,169.55888408393318,0.11019319110428154,0.009996780148261974,0.11019319110429046,0.02254938790327112,0.021158042194343255,0.9382978502611137,0.061702149738886325,0.08962985493621164,0.01395586929394763,-0.016479102063353252,0.006365846162104789,0.0063658461621012505,True,False,"[20, 25]","[718, 404]",0.13550222398526007,1.1345908595038374,1.1345908595038374,GOOD
500.0,2,1,0.49498217842468384,0.5222724439269998,162.07724885577832,0.12517601937719097,0.009747066343713483,0.12517601937717884,0.0109154741327722,0.00813497515241796,0.7452699766832687,0.25473002331673134,0.039212996013968285,0.012081740641721702,-0.00815231910968308,0.03793017559773985,0.03793017559773667,True,False,"[25, 25]","[135, 453]",0.06941462526054806,0.998656889689012,1.133066978821685,TOO_WEAK
500.0,2,2,0.4833536557564384,0.49120632580640516,39.88328396552276,0.08039658055104615,0.010493390324149232,0.08039658055105822,0.04564619318634234,0.042127570189497386,0.9229153024331994,0.07708469756680059,0.14332863256278408,0.016732794837439478,-0.019189835856596154,0.009983867850557153,0.009983867850561608,True,False,"[17, 15]","[757, 875]",0.23757739208251055,1.0825450860170003,1.2265960900515436,GOOD
500.0,2,3,0.4995175041184601,0.5109284561382154,138.78758514078416,0.09590278021595985,0.010234953663067337,0.09590278021598336,0.04222575408507382,0.039090304073566846,0.925745553171416,0.07425444682858395,0.13876428086097548,0.01550485093734722,-0.015412993423606573,0.0165364487970553,0.0165364487970645,True,False,"[15, 16]","[787, 850]",0.2709921420127803,1.0504385270678855,1.288463790140971,GOOD
500.0,2,4,0.5267139356864451,0.5052026326726913,43.15143126120313,0.09983830484053934,0.010169361585991013,0.09983830484051479,0.04007857895788887,0.035905596341073646,0.8958799756548296,0.10412002434517043,0.13746874614866345,0.012741454853515854,-0.012664705971766485,0.012012530209825005,0.012012530209843657,True,False,"[15, 23]","[879, 393]",0.17430192915431764,1.074707121915263,1.3847212115944347,GOOD
500.0,3,0,0.47511178137212917,0.503336374050002,70.18259368928146,0.10103742874845202,0.0101493761875258,0.10103742874844532,0.022694726241443027,0.021133267147237185,0.93119727122531,0.06880272877468996,0.07884714051252771,0.012535087777554388,-0.015316381671135807,0.016849513143812327,0.016849513143814936,True,False,"[22, 21]","[576, 673]",0.151616435046445,1.1323588498207322,1.1323588498207322,GOOD
500.0,3,1,0.47988488710107935,0.4873913609868413,136.15874541429451,0.11284857098839078,0.009952523816860155,0.11284857098840681,0.039280832555518744,0.03628575107465011,0.9237520875700522,0.07624791242994777,0.1394512316806193,0.019014668197959037,-0.017252050926738108,0.008332091582115404,0.008332091582098432,True,False,"[15, 18]","[899, 641]",0.2284761755034978,1.0448874096228054,1.183187505352644,GOOD
500.0,3,2,0.47211599028850326,0.5185317094632427,164.63948000524417,0.12595323750525608,0.009734112708245733,0.1259532375052515,0.020114756008267023,0.015565548382484432,0.7738372951721164,0.2261627048278836,0.07517332420903015,0.010633948986528028,-0.011443114186013709,0.01962949609481373,0.019629496094814382,True,False,"[21, 23]","[412, 460]",0.1419233776737602,1.0215838549106064,1.208725252800218,GOOD
500.0,3,3,0.522416750057591,0.4772625781431903,144.1359922170296,0.07472544705979237,0.010587909215670129,0.07472544705979842,0.021357772603010968,0.01888034177882457,0.8840033148476758,0.1159966851523242,0.07205959128518995,0.011712256193286072,-0.012086435691983984,0.013695304268577853,0.013695304268577922,True,False,"[25, 20]","[430, 682]",0.13429961637516716,1.0335435892166862,1.2492702361559833,GOOD
500.0,3,4,0.49327185346181507,0.4961170877349314,120.14214308910131,0.09302158427332943,0.01028297359544451,0.09302158427331172,0.028899958498790075,0.025034098976389953,0.866233042425927,0.13376695757407298,0.09028395678845394,0.01708730349605022,-0.011045634477454477,0.014862623613693775,0.01486262361372414,True,False,"[20, 24]","[586, 245]",0.17119085808816895,1.0196865922583531,1.2738641099156829,GOOD
500.0,4,0,0.5073177194460502,0.5061748958107568,42.897265496009865,0.08176530139232882,0.010470578310127853,0.08176530139230886,0.03738295596931721,0.03475499794316644,0.9297017060847804,0.07029829391521958,0.1253522135530627,0.011551287361077564,-0.020332891040967402,0.015256493497678901,0.01525649349770141,True,False,"[17, 17]","[852, 828]",0.21235944279232968,1.173599051130333,1.173599051130333,GOOD
500.0,4,1,0.5287526896226352,0.5237098703365798,47.89094142311672,0.10424391357989077,0.010095934773668488,0.1042439135799009,0.010621087898651035,0.008213181707923208,0.7732900608953955,0.22670993910460446,0.058506320640092715,0.011356770290822367,-0.009700706134478168,0.032436411622714954,0.03243641162271183,True,False,"[23, 26]","[326, 224]",0.06709431056768106,1.011283021349562,1.186840794280062,TOO_WEAK
500.0,4,2,0.5241545283933698,0.5180375015544612,117.16148541356947,0.11302226938541263,0.009949628843576456,0.1130222693853985,0.03525873153699992,0.03187695033665714,0.9040867026996138,0.09591329730038622,0.11661257247791766,0.012863135318074087,-0.01674417601022663,0.005607470897751397,0.005607470897745999,True,False,"[21, 16]","[576, 800]",0.23166665097281589,1.0485628655542523,1.2444771842069868,GOOD
500.0,4,3,0.5055435334773704,0.4908037983032828,4.45853623028307,0.12661205532864872,0.00972313241118919,0.12661205532865932,0.026727419646699068,0.02223935225617595,0.8320800342925205,0.16791996570747947,0.087605601599042,0.011723882029154127,-0.010827915458236963,0.03243768905060609,0.032437689050611375,True,False,"[21, 21]","[620, 514]",0.17928935418509884,1.046838339704982,1.3027664293159733,GOOD
500.0,4,4,0.5080250363008868,0.5173812548299259,0.8440241997663548,0.07672730814100365,0.010554544864316607,0.07672730814102838,0.02414311996110026,0.022104159508641443,0.915546936114967,0.08445306388503304,0.088955122593741,0.013963943087829757,-0.010634998643534073,0.007594125951036583,0.007594125951039692,True,False,"[23, 20]","[681, 606]",0.1377392740016665,1.0416126438582534,1.3569779847695873,GOOD
30.0,0,0,0.49506391044688197,0.4724993045209153,171.42921255228464,0.07067678262361633,0.01065538695627306,0.07067678262362778,0.02719779661161071,0.03945586353380303,1.4507007349617198,-0.4507007349617198,0.08978206801703996,0.010410869539344439,-0.011516867388636207,0.0061060105457013195,0.006106010545688635,True,False,"[21, 22]","[481, 448]",0.17667143644755717,1.1283374378967943,1.1283374378967943,GOOD
30.0,0,1,0.4750180785761658,0.5282152066390036,142.66491845628934,0.08051210913850157,0.010491464847691642,0.08051210913848106,0.027118663702951348,0.03470917540639567,1.279899916404002,-0.2798999164040019,0.1351002286121971,0.010287028028945397,-0.014380788098438381,0.020662283489202966,0.020662283489202522,True,False,"[16, 27]","[597, 91]",0.15532329163627476,1.053944742921713,1.1892053109130813,GOOD
30.0,0,2,0.48333649642413257,0.49176816928465616,44.621815916433725,0.10210033765555031,0.010131661039074162,0.10210033765551879,0.04624095607023185,0.054215790517978174,1.1724625770201196,-0.17246257702011958,0.15736385089161534,0.010180556225463778,-0.014767231880933783,0.02167035748763433,0.0216703574876373,True,False,"[12, 14]","[527, 590]",0.29787901185619,0.9968658743561731,1.1854781920523736,GOOD
30.0,0,3,0.5152109450185506,0.49732576506814036,112.98344250218018,0.1070508584078984,0.010049152359868361,0.10705085840791007,0.037504512375951406,0.04560228670672342,1.2159146678031325,-0.2159146678031325,0.1568397419776812,0.010934092485713679,-0.014684871597053298,0.026231808097229505,0.0262318080972229,True,False,"[18, 13]","[240, 451]",0.29829039312558436,1.0343600058232645,1.2262112296346461,GOOD
30.0,0,4,0.49568638353316335,0.507668014955491,155.57025490603073,0.1289690606551085,0.009683848989081527,0.1289690606551211,0.022167031899571678,0.02838857909973026,1.2806666778098874,-0.2806666778098874,0.08973102411998092,0.009377466106554705,-0.014551966348807628,0.03908118960317867,0.03908118960317775,True,False,"[21, 19]","[301, 245]",0.15705750988450617,1.004619229889345,1.231875381197225,GOOD
30.0,1,0,0.5105284057222663,0.5238459453050804,151.3930816491546,0.12635406665808527,0.009727432222365247,0.1263540666581197,0.02110598556535459,0.025870660840007432,1.2257499541965973,-0.22574995419659727,0.08769045068636712,0.009389634855180393,-0.01199001629606667,0.018948047146102952,0.018948047146106838,True,False,"[23, 20]","[337, 481]",0.1636271000564304,1.1326227281803039,1.1326227281803039,GOOD
30.0,1,1,0.5001237047829932,0.4949687208449459,125.84171546405081,0.07903171810914861,0.01051613803151419,0.07903171810916465,0.030130692603176627,0.038565335693071336,1.2799352540938755,-0.27993525409387554,0.12512536311307373,0.01163893342324401,-0.013754942123022869,0.01056736266723534,0.010567362667217271,True,False,"[18, 18]","[599, 535]",0.24506426167614054,1.0637402351441416,1.2048163672041157,GOOD
30.0,1,2,0.5109291032655832,0.4890380438272712,112.35155622083498,0.08677427776938813,0.010387095370510198,0.08677427776939639,0.010714239820760037,0.01416065601371681,1.3216668891692116,-0.3216668891692116,0.09109023958588713,0.010825629833467831,-0.010112677259442468,0.013632565910701631,0.013632565910697649,True,False,"[21, 21]","[104, 313]",0.07655731845374643,0.9926264002607836,1.1959325335530957,TOO_WEAK
30.0,1,3,0.5099742891256476,0.4890589095200625,55.90525648893087,0.09978669658510389,0.010170221723581603,0.09978669658509318,0.0431643284295002,0.05188619004948858,1.202061793553297,-0.2020617935532969,0.1485448778242376,0.010016917805504575,-0.013335612353942948,0.010269861426287254,0.010269861426314954,True,False,"[14, 18]","[551, 458]",0.2751005662911744,1.0197908347638358,1.2196010367133405,GOOD
30.0,1,4,0.5012677713571877,0.5221143669579419,118.71308513616324,0.118424692227762,0.009859588462870635,0.11842469222774549,0.020209480731480097,0.028344585992821622,1.4025390542899776,-0.4025390542899776,0.08921643896401302,0.009535122296351794,-0.01350890033974824,0.014743741827368033,0.01474374182736151,True,False,"[20, 20]","[282, 156]",0.17264530101082662,1.009727018752377,1.2314641188678697,GOOD
30.0,2,0,0.47345081548875434,0.5076199204167405,169.55888408393318,0.11019319110428154,0.009996780148261974,0.11019319110429046,0.02206779689319665,0.028246202106495404,1.279973811758414,-0.27997381175841407,0.09360951632699951,0.009706262361756115,-0.012202271465793696,0.006365846162104789,0.0063658461621012505,True,False,"[20, 25]","[506, 195]",0.13550222398526007,1.1329452814207406,1.1329452814207406,GOOD
30.0,2,1,0.49498217842468384,0.5222724439269998,162.07724885577832,0.12517601937719097,0.009747066343713483,0.12517601937717884,0.003984739445316257,0.005339891216897102,1.3400854159168971,-0.3400854159168971,0.04436491885742623,0.009022177099278666,-0.00651479579642518,0.03793017559773985,0.03793017559773667,True,False,"[25, 27]","[71, 72]",-0.01833789496514414,0.9932139489593589,1.125257056914766,TOO_WEAK
30.0,2,2,0.4833536557564384,0.49120632580640516,39.88328396552276,0.08039658055104615,0.010493390324149232,0.08039658055105822,0.037527507017019804,0.0453157273309394,1.2075336448644833,-0.20753364486448334,0.1417723787089828,0.010502678439472227,-0.01510477830222745,0.009983867850557153,0.009983867850561608,True,False,"[18, 15]","[447, 626]",0.2603666672749689,1.0660935551069304,1.1996292962154242,GOOD
30.0,2,3,0.4995175041184601,0.5109284561382154,138.78758514078416,0.09590278021595985,0.010234953663067337,0.09590278021598336,0.04268423207491196,0.051922248395246624,1.216426906875628,-0.21642690687562793,0.17813846566802694,0.010394167910660636,-0.015334010029398548,0.0165364487970553,0.0165364487970645,True,False,"[16, 11]","[464, 604]",0.3263271334124406,1.0252746107295305,1.2299494596970098,GOOD
30.0,2,4,0.5267139356864451,0.5052026326726913,43.15143126120313,0.09983830484053934,0.010169361585991013,0.09983830484051479,0.03844613177334271,0.049767915086998876,1.2944843288891372,-0.2944843288891372,0.16806689738448732,0.010952967141584329,-0.014474905053672094,0.012012530209825005,0.012012530209843657,True,False,"[12, 22]","[591, 203]",0.21787861129071245,1.00556665279995,1.236796161300629,GOOD
30.0,3,0,0.47511178137212917,0.503336374050002,70.18259368928146,0.10103742874845202,0.0101493761875258,0.10103742874844532,0.022746976275314815,0.029659679421966532,1.3038954744131612,-0.3038954744131612,0.0803543102324566,0.009807237960301063,-0.011547186365221278,0.016849513143812327,0.016849513143814936,True,False,"[22, 21]","[381, 440]",0.151616435046445,1.1145747623040068,1.1145747623040068,GOOD
30.0,3,1,0.47988488710107935,0.4873913609868413,136.15874541429451,0.11284857098839078,0.009952523816860155,0.11284857098840681,0.03738336243566186,0.043787437421567155,1.171308158727748,-0.17130815872774807,0.14376582902838125,0.00993175590202567,-0.014882546947225142,0.008332091582115404,0.008332091582098432,True,False,"[14, 17]","[640, 445]",0.2586695211493925,1.036777638360309,1.1555661898375507,GOOD
30.0,3,2,0.47211599028850326,0.5185317094632427,164.63948000524417,0.12595323750525608,0.009734112708245733,0.1259532375052515,0.018698626810215637,0.022843544946439354,1.2216696540496343,-0.22166965404963435,0.1053757554884802,0.010592644746377448,-0.009005716466638378,0.01962949609481373,0.019629496094814382,True,False,"[20, 21]","[312, 317]",0.17239154535989756,1.0165586003653622,1.1747007485707948,GOOD
30.0,3,3,0.522416750057591,0.4772625781431903,144.1359922170296,0.07472544705979237,0.010587909215670129,0.07472544705979842,0.015410055627647256,0.023240067862642884,1.5081105756002442,-0.5081105756002442,0.10581735703085483,0.010135340242230012,-0.01024743354111974,0.013695304268577853,0.013695304268577922,True,False,"[26, 19]","[154, 429]",0.16514453612199279,1.034458289179073,1.2151789266639208,TOO_WEAK
30.0,3,4,0.49327185346181507,0.4961170877349314,120.14214308910131,0.09302158427332943,0.01028297359544451,0.09302158427331172,0.011823064105049588,0.015140985338194288,1.2806312478444253,-0.2806312478444253,0.1052119401773904,0.011113812877018594,-0.013610151877739105,0.014862623613693775,0.01486262361372414,True,False,"[20, 25]","[294, 10]",0.09170065171848202,0.9841373647682001,1.195902986608881,TOO_WEAK
30.0,4,0,0.5073177194460502,0.5061748958107568,42.897265496009865,0.08176530139232882,0.010470578310127853,0.08176530139230886,0.03278414545388874,0.041267545946145,1.2587653383916397,-0.25876533839163973,0.12509563835467724,0.010391258328041835,-0.014179583019903977,0.015256493497678901,0.01525649349770141,True,False,"[17, 17]","[624, 614]",0.21235944279232968,1.138069948487723,1.138069948487723,GOOD
30.0,4,1,0.5287526896226352,0.5237098703365798,47.89094142311672,0.10424391357989077,0.010095934773668488,0.1042439135799009,0.006951750929920223,0.00905773447017098,1.3029428933057192,-0.3029428933057192,0.07226860603655073,0.009736192915047157,-0.008732803613776333,0.032436411622714954,0.03243641162271183,True,False,"[22, 26]","[234, 55]",0.08474509877360703,1.0061170922876879,1.1450316273924666,TOO_WEAK
30.0,4,2,0.5241545283933698,0.5180375015544612,117.16148541356947,0.11302226938541263,0.009949628843576456,0.1130222693853985,0.03729634238283019,0.04627859983007089,1.2408348077417852,-0.24083480774178523,0.12729943054174234,0.009639587042059694,-0.013160320413953625,0.005607470897751397,0.005607470897745999,True,False,"[19, 16]","[349, 512]",0.2584745880574455,1.0133237311144576,1.1602877209133937,GOOD
30.0,4,3,0.5055435334773704,0.4908037983032828,4.45853623028307,0.12661205532864872,0.00972313241118919,0.12661205532865932,0.03196356413781779,0.04028525726886993,1.2603493495021822,-0.26034934950218225,0.10443353296951036,0.009589680961161442,-0.014620802713638144,0.03243768905060609,0.032437689050611375,True,False,"[19, 19]","[399, 379]",0.2237148537177701,1.0238971701700033,1.1880153140262262,GOOD
30.0,4,4,0.5080250363008868,0.5173812548299259,0.8440241997663548,0.07672730814100365,0.010554544864316607,0.07672730814102838,0.016151754226824057,0.02505414964616668,1.5511720457309803,-0.5511720457309803,0.10012665799223366,0.010435253962164907,-0.010133668446697282,0.007594125951036583,0.007594125951039692,True,False,"[22, 20]","[295, 312]",0.18106269807429493,1.0133441747142424,1.203868397939788,TOO_WEAK
